INSERT INTO [subject] VALUES (N'Java'),(N'HTML'),(N'SQL');
GO
INSERT INTO [topic]([tp_id], [tp_name], [tp_subject_id]) VALUES (1,'Типы данных и операторы',1),(2,'Классы и объекты',1),(3,'Наследование и полиморфизм',1),(4,'Строки',1),(5,'Исключения и ошибки',1),(6,'Коллекции',1),(8,'Формы',2),(9,'Списки',2),(10,'Базовые понятия',2),(11,'Таблицы',2),(12,'Основные теги',2),(13,'Основные понятия',3),(14,'Выборки данных',3),(15,'Встроенные функции SQL',3),(16,'Модификация данных',3),(17,'Синтаксис',3);
GO

SET IDENTITY_INSERT [test] on;
GO
INSERT INTO [question]([q_id], [q_description], [q_topic_id]) VALUES (1,'Укажите строки, компиляция которых не приведет к ошибке',1),(2,'Дан код:\r\npublic class Quest4 {
    public static void main (String [] args) {\r\n        double x=0, y=2, z;\r\n        z = y/x;\r\n        System.out.println (\"z=\"+z);\r\n    }\r\n}\r\nЧто выведется на консоль в результате компиляции и запуска программы?',1),(3,'Что будет результатом компиляции и запуска следующего кода?\r\npublic class Quest {\r\n    public static void main (String [] args) {\r\n        MedicalStaff medic = new HeadDoctor ();\r\n        if (medic instanceof Nurse) {\r\n            System.out.println (\"Nurse\");\r\n        } else if (medic instanceof Doctor) {\r\n            System.out.println (\"Doctor\");\r\n        } else if (medic instanceof HeadDoctor) {\r\n            System.out.println (\"HeadDoctor\");\r\n        }\r\n    }\r\n}\r\nclass MedicalStaff {}\r\nclass Doctor extends MedicalStaff {}\r\nclass Nurse extends MedicalStaff {}\r\nclass HeadDoctor extends Doctor {}',1),(4,'Дан код:\r\nclass Item {}\r\nКомпиляция каких строк приведет к ошибке?',1),(5,'public class Quest3 {\r\n    public static int method () {\r\n        final int loc;\r\n        System.out.println (loc);//1\r\n        loc=4;//2\r\n        return loc+1;//3\r\n    }\r\n    public static void main (String [] args) {\r\n        method (); method (); method ();\r\n        System.out.println (method ());\r\n    }\r\n}\r\nКаким будет результат компиляции и запуска программы?',2),(6,'Дан код:\r\npublic class Quest5 {\r\n    public Quest5 () {}\r\n    public Quest5 (int i) {this (i, i);}\r\n    public Quest5 (int i, int j) {this ();}\r\n    public static void main (String [] args) {\r\n        Quest5 q = new Quest5 (2,3); //1\r\n    }\r\n}\r\nСколько конструкторов вызовется при создании объекта в строке 1?',2),(7,'public class Quest6 {\r\n    public void meth (Number obj) {System.out.print (\"1\");}\r\n    public void meth (Character obj) {System.out.print (\"2\");}\r\n    private static void meth (Integer obj) {System.out.print (\"3\");}\r\n    public void meth (int i) {System.out.print (\"4\");}\r\n    public void meth (double d) {System.out.print (\"5\");}\r\n    public static void main (String [] args) {\r\n        Quest6 q = new Quest6 ();\r\n        Number n = 67;\r\n        Integer i = 78;\r\n        q.meth (n);\r\n        q.meth (i);\r\n    }\r\n}\r\nЧто выведется на консоль после компиляции и запуска этой программы?',2),(8,'public class Quest6<T> {\r\n    private T pole;\r\n    public Quest6(T pole) {this.pole = pole;} //1\r\n    public void setPoleDefault () {pole.setTime (1000);} //2\r\n    public static void main (String [] args) {\r\n        Quest6<Date> obj = new Quest6<Date>(new Date ());//3\r\n        obj.setPoleDefault ();\r\n    }\r\n}\r\nКаким будет результат компиляции и запуска программы?',2),(9,'enum Numbers {ONE, TWO, THREE, FOUR, FIVE}\r\npublic class Quest6 {\r\n    public static void main (String [] args) {\r\n        Numbers n1 = Numbers.ONE;\r\n        Numbers n2 = Numbers.ONE;//1\r\n        if (n1 == n2) {System.out.print (\"true\");}\r\n        else {System.out.print (\"false\");}\r\n        System.out.println (Numbers.FIVE.ordinal ());//2\r\n    }\r\n}\r\nЧто выведется на консоль в результате компиляции и запуска приложения?',2),(10,'Выберите неправильные утверждения',2),(11,'Выберите правильные утверждения',3),(12,'package ch04.q03;\r\npublic class Quest6 {\r\n    private final void method () {} //1\r\n}\r\nclass Quest431 extends Quest6 {\r\n    public void method () {} //2\r\n}\r\nЧто произойдет в результате компиляции этого кода ?',3),(13,'package ch04.q06;\r\nclass Item {\r\n    public int item;\r\n    Item (int item) {\r\n        this.item = item;\r\n    }\r\n}\r\npublic class Quest6 {\r\n    public static void main (String [] args) {\r\n        Item ar1 [] = {new Item (1), new Item (2), new Item (3)};\r\n        Item ar2 [] = ar1.clone ();\r\n        ar2 [0].item = 4;\r\n        System.out.println (ar1 [0].item +\" \" + ar1 [1].item + \" \" + ar1 [2].item);\r\n    }\r\n}\r\n\r\nЧто выведется на консоль после компиляции и запуска этой программы?',3),(14,'Дан класс:\r\n\r\npackage ch04.q01;\r\nclass Quest41 {}\r\n\r\nУкажите правильные варианты наследования от этого класса',3),(15,'String s1 = \"Minsk\";\r\nString s2 = new String(\"Minsk\");\r\nif(s1.equals(s2.intern())){\r\n    System.out.print(\"true\");\r\n} else {\r\n    System.out.print(\"false\");\r\n}\r\nif(s1 == s2){\r\n    System.out.print(\"true\");\r\n} else{\r\n    System.out.print(\"false\");\r\n}\r\n\r\nЧто будет выведено при компиляции и запуске?',4),(16,'StringBuilder sb1 = new StringBuilder(\"I like Java.\");//1\r\nStringBuilder sb2 = new StringBuilder(sb1);//2\r\nif (sb1.equals(sb2)) {\r\n    System.out.println(\"true\");\r\n} else {\r\n    System.out.println(\"false\");\r\n}',4),(17,'Что будет результатом компиляции и выполнения следующего кода?\r\nPattern p = Pattern.compile(\"(1*)0\");\r\nMatcher m = p.matcher(\"111110\");\r\nSystem.out.println(m.group(1));',4),(18,'Что выведется на консоль при компиляции и выполнении следующих строчек кода?\r\n\r\nLocale loc = new Locale(\"ru\", \"RU\");\r\nSystem.out.println(loc.getDisplayCountry(Locale.US));',4),(19,'Выберите правильные утверждения',5),(20,'try {\r\n    FileReader fr1 = new FileReader(\"test1.txt\");\r\n    try {\r\n        FileReader fr2 = new FileReader(\"test2.txt\");\r\n    } catch (IOException e) {\r\n        System.out.print(\"test2\");\r\n    }\r\n    System.out.print(\"+\");\r\n} catch (FileNotFoundException e) {\r\n    System.out.print(\"test1\");\r\n}\r\nSystem.out.print(\"+\");\r\n\r\nКакая строка выведется на консоль при компиляции и запуске этого кода, если файл test1.txt существует и доступен, а test2.txt нет?',5),(21,'class A{\r\n    public void f() throws IOException{}\r\n}\r\nclass B extends A{}\r\n\r\nКаким образом можно переопределить метод f() в классе B, не вызвав при этом ошибку компиляции?',5),(22,'public class Quest {\r\n    private int qQ;\r\n    public Quest(int q) {\r\n        qQ = 12 / q;//1\r\n    }\r\n    public int getQQ() {\r\n        return qQ;//2\r\n    }\r\n    public static void main(String[] args) {\r\n        Quest quest = null;\r\n        try {\r\n            quest = new Quest(0);//3\r\n        } catch (Exception e) {//4\r\n        }\r\n        System.out.println(quest.getQQ());//5\r\n    }\r\n}\r\n\r\nУкажите строку, выполнение которой приведет к необрабатываемой в данном коде исключительной ситуации',5),(23,'Дан класс:\r\nclass X{\r\n    private int x;\r\n    public X(int x){this.x = x;}\r\n    public int hashCode(){\r\n        return 2;\r\n    }\r\n}\r\nКаков будет размер коллекции set после выполнения следующего кода?\r\nX obj1 = new X(1); X obj2 = new X(1);\r\nSet<X> set = new HashSet<X>();\r\nset.add(obj1);\r\nset.add(obj2);',6),(24,'Даны два фрагмента кода:\r\n\r\n1.\r\nVector<String> vct = new Vector<String>();\r\nvct.add(\"One\"); vct.add(\"Two\");\r\nvct.add(\"Three\"); vct.add(\"Four\");\r\nvct.add(\"Five\"); vct.add(\"Six\");\r\nIterator itr = vct.iterator();\r\nvct.remove(0);\r\nSystem.out.println(itr.next());\r\n\r\n2.\r\nVector<String> vct = new Vector<String>();\r\nvct.add(\"One\"); vct.add(\"Two\");\r\nvct.add(\"Three\"); vct.add(\"Four\");\r\nvct.add(\"Five\"); vct.add(\"Six\");\r\nEnumeration enm = vct.elements();\r\nvct.remove(0);\r\nSystem.out.println(enm.nextElement());\r\n\r\nУкажите разницу при выполнении первого и второго фрагмента кода:',6),(25,'import java.util.EnumSet;\r\n\r\nenum PCounter {UNO, DOS, TRES, CUATRO, CINCO, SEIS, SIETE};\r\n\r\npublic class Quest {\r\n    public static void main(String[] args) {\r\n        EnumSet<PCounter> enst1 = EnumSet.range(PCounter.TRES, PCounter.CINCO);//1\r\n        EnumSet<PCounter> enst2 = EnumSet.complementOf(enst1);//2\r\n        System.out.println(enst2);\r\n    }\r\n}\r\n\r\nЧто будет выведено при попытке компиляции и запуска программы?',6),(26,'public class Quest {\r\n    public static void main(String[] args) {\r\n        NavigableMap<String, Number> nmap = new TreeMap<String, Number>();\r\n        nmap.put(\"one\", new Integer(1));\r\n        nmap.put(\"two\", new Integer(2));\r\n        nmap.put(\"three\", new Integer(3));\r\n        nmap.put(\"four\", new Integer(4));\r\n        Map<String, Number> map = nmap.headMap(\"three\");\r\n        System.out.println(map);\r\n    }\r\n}\r\n\r\nЧто будет результатом компиляции и запуска следующей программы?',6),(27,'public class Overload{\r\n    public void method(Object o) {\r\n        System.out.println(\"Object\");\r\n    }\r\n    public void method(java.io.FileNotFoundException f) {\r\n        System.out.println(\"FileNotFoundException\");\r\n    }\r\n    public void method(java.io.IOException i) {\r\n        System.out.println(\"IOException\");\r\n    }\r\n    public static void main(String args[]) {\r\n        Overload test = new Overload();\r\n        test.method(null);\r\n    }\r\n}\r\n\r\nРезультатом его компиляции и выполнения будет:',3),(28,'Float f1 = new Float(Float.NaN);\r\nFloat f2 = new Float(Float.NaN);\r\nSystem.out.println( \"\"+ (f1 == f2)+\" \"+f1.equals(f2)+ \" \"+(Float.NaN == Float.NaN) );\r\n\r\nЧто будет выведено в результате выполнения данного куска кода?',2),(29,'class Mountain {\r\n  static String name = \"Himalaya\";\r\n  static Mountain getMountain() {\r\n    System.out.println(\"Getting Name \");\r\n    return null;\r\n  }\r\n  public static void main(String[ ] args) {\r\n    System.out.println( getMountain().name );\r\n  }\r\n}\r\n\r\nЧто произойдет при попытке выполнения данного кода?',2),(30,'Integer a = 120;\r\nInteger b = 120;\r\nInteger c = 130;\r\nInteger d = 130;\r\nSystem.out.println(a==b);\r\nSystem.out.println(c==d);\r\n\r\nВ результате выполнения данного кода будет выведено?',2),(31,'//In File Other.java\r\npackage other;\r\npublic class Other { public static String hello = \"Hello\"; }\r\n\r\n//In File Test.java\r\npackage testPackage;\r\nimport other.*;\r\nclass Test{\r\n  public static void main(String[] args) {\r\n    String hello = \"Hello\", lo = \"lo\";\r\n    System.out.print((testPackage.Other.hello == hello) + \" \");\r\n    System.out.print((other.Other.hello == hello) + \" \");\r\n    System.out.print((hello == (\"Hel\"+\"lo\")) + \" \");\r\n    System.out.print((hello == (\"Hel\"+lo)) + \" \");\r\n    System.out.println(hello == (\"Hel\"+lo).intern());\r\n  }\r\n}\r\nclass Other { static String hello = \"Hello\"; }\r\n\r\nВ результате мы получим',2),(32,'Дана сигнатура метода:\r\npublic static <E extends CharSequence> List<? super E> doIt(List<E> nums) \r\nКоторый вызывается как-то так:\r\nresult = doIt(in);\r\n\r\nКакого типа должны быть result и in?',2),(33,'public static void doIt(String String) { //1\r\n  int i = 10;\r\n  i : for (int k = 0 ; k< 10; k++) { //2\r\n    System.out.println( String + i); //3\r\n    if( k*k > 10) continue i; //4 \r\n  }\r\n}\r\n',1),(34,'public class Main {\r\n  static void method(int... a) {\r\n    System.out.println(\"inside int...\");\r\n  }\r\n  static void method(long a, long b) {\r\n    System.out.println(\"inside long\");\r\n  }\r\n  static void method(Integer a, Integer b) {\r\n    System.out.println(\"inside INTEGER\");\r\n  } \r\n  public static void main(String[] args) {\r\n    int a = 2;\r\n    int b = 3;\r\n    method(a,b);\r\n  }\r\n}\r\n\r\nВ результате мы получим',3),(35,'class Super { static String ID = \"QBANK\"; }\r\nclass Sub extends Super{\r\n  static { System.out.print(\"In Sub\"); }\r\n}\r\nclass Test{\r\n  public static void main(String[] args) {\r\n    System.out.println(Sub.ID);\r\n  }\r\n}\r\n\r\nЧто произойдёт в результате выполнения данного кода?',3),(36,'Имеется два класса:\r\n//in file A.java\r\npackage p1;\r\npublic class A{\r\n  protected int i = 10;\r\n  public int getI() { return i; }\r\n}\r\n\r\n//in file B.java\r\npackage p2;\r\nimport p1.*;\r\npublic class B extends A{\r\n  public void process(A a) {\r\n    a.i = a.i*2;\r\n  }\r\n  public static void main(String[] args) {\r\n    A a = new B();\r\n    B b = new B();\r\n    b.process(a);\r\n    System.out.println( a.getI() );\r\n  }\r\n}\r\n\r\nВ результате выполнения класса В мы получим',3),(37,'Каким тегом задается ячейка заголовка в таблицах?',11),(38,'Какой html-тег создает поле ввода?',8),(39,'Каким свойством (без &lt;...&gt;) поля form объединяются в группы?',10),(40,'Для чего нужны ключевые слова, задаваемые через тег &lt;meta&gt;?',12),(41,'Каким образом можно отметить нужную опцию в выпадающем списке (select) используя HTML?',9),(42,'Какой фрагмент html вставляет изображение?',12),(43,'Необходимо защитить текстовое поле формы от изменения значения пользователем.\r\nКакие из представленных фрагментов кода позволят решить поставленную задачу?',8),(44,'Какое значение по умолчанию имеет атрибут method у тега &lt;form&gt;?',8),(45,'В тексте раздел \"Предисловие\" выделен заголовком второго уровня и помечен меткой \"preface\". Выберите верный вариант кода для перехода к помеченной области.',12),(46,'Что происходит, если у изображения не указаны атрибуты width и height?',10),(47,'Как создать нумерованный список?',9),(48,'Как будет отображаться следующий элемент?\r\n&lt;input name=\"Name\" type=\"hidden\" value=\"Hello World\" /&gt; ',8),(49,'Укажите правильный вариант создания гипертекстовой ссылки в html.',12),(50,'Как объединить по горизонтали несколько ячеек таблицы?',11),(51,'Отметьте все верные утверждения относительно тега ADDRESS',12),(52,'Что адресует следующая ссылка?\r\n&lt;a href=\"../images/1.jpg\" /&gt;',12),(53,'Какой тег предназначен для заголовков наименьшего размера?',12),(54,'Выберите тег, создающий горизонтальную черту - разделитель контента.',12),(55,'Корректен ли следующий способ объявления композитного ключа:\r\nCREATE TABLE Person ( \r\n   firstName  VARCHAR(20) PRIMARY KEY, \r\n   lastName   VARCHAR(20) PRIMARY KEY \r\n) ',17),(56,'| ID |  NAME      | PASSWORD    | ADDBY  |\r\n------------------------------------------\r\n| EX | IRWANEX    | AB8934B495S |  NULL  |\r\n\r\nПолучим ли мы единственную запись таблицы Users с помощью запроса:\r\n\r\nSELECT * FROM USERS WHERE ADDBY = NULL ',14),(57,'Какие ключевые слова обязательны при выборке данных с соединением таблиц (не учитывая cartesian product)?',17),(58,'+-----+-----------+-------+\r\n|  Id | FirstName | Score |\r\n+-----+-----------+-------+\r\n|   1 | Gwyneth   | 1000  |\r\n|   3 | Jennifer  |  800  |\r\n|   4 | Paris     | NULL  |\r\n|   5 | Misha     | 3000  |\r\n+-----+-----------+-------+\r\n\r\nСколько строк вернет запрос\r\n\r\nSELECT FirstName, Score FROM Women \r\nWHERE Score &gt;= ANY (SELECT Score FROM Women \r\n                    WHERE FirstName=''Megan''); ',14),(59,'SELECT * FROM employees \r\n\r\nДля того, чтобы получить все записи из таблицы, где значение в колонке last_name начинается со строки ''SM'', какие условия следует использовать из приведенных ниже?',14),(60,'Синонимом какого понятия является понятие ''кортеж''?',13),(61,'Имеется таблица Women\r\n\r\n+-----+-----------+-------+\r\n|  Id | FirstName | Score |\r\n+-----+-----------+-------+\r\n|   1 | Angelina  |  500  |\r\n|   2 | Paris     |    0  |\r\n|   4 | Jennifer  | NULL  |\r\n|   7 | Misha     | 3000  |\r\n+-----+-----------+-------+\r\n\r\nСколько строк вернет запрос\r\n\r\nSELECT * FROM Women \r\nWHERE Score &gt;= ALL (SELECT Score \r\n                    FROM Women \r\n                    WHERE FirstName=''Eva''); ',14),(62,'Таблица RATE имеет поля rate_id, id_del, value.\r\nКакой результат выполнения следующего запроса? (Используемый стандарт: ANSI SQL 99)\r\n\r\nDELETE FROM RATE where rate_id in (SELECT rate_id FROM RATE WHERE id_del=1) AND id_del=0',16),(63,'Дана таблица Clients\r\n\r\n+------+--------------+----------+\r\n| ID   |  Name        |  Summa   |\r\n+------+--------------+----------+\r\n| 1    |  Sasha       |  4000    |\r\n| 2    |  Marina      |  2000    |\r\n| 3    |  Stepan      |   0      |\r\n| 4    |  Klara       |  NULL    |\r\n+------+--------------+----------+\r\n\r\nПосле обновления таблицы:\r\n\r\nUPDATE Clients SET Summa = Summa + 700 \r\n\r\nКакой будет результат выполнения запроса\r\n\r\nSELECT AVG(Summa) FROM Clients; ',15),(64,'Даны следующие таблицы:\r\n\r\nDOGS \r\nName   Age \r\n--------- \r\nSnoopy 4 \r\nBenny  2 \r\n \r\nCATS \r\nName   Age \r\n-------- \r\nKleo   3 \r\nLinda  6 \r\n \r\nANIMALS \r\nName   Age \r\n--------- \r\n-     - \r\n\r\nName имеет тип char(10), а Age - number(10).\r\nВыберите некорректные insert запросы',16),(65,'Порядок строк в результатах SQL-запроса',14),(66,'Как называется набор требований к транзакциям?',13),(67,'Дана таблица Friends со следующими записями:\r\n\r\nID   | NAME      | AGE\r\n-------------------------\r\n01   | Frank     | 18\r\n02   | Sharon    | NULL\r\n03   | John      | 20\r\n04   | Jennifer  | NULL\r\n\r\nСколько записей будет удалено в результате выполнения выражения:\r\n\r\nDELETE FROM Friends WHERE AGE = NULL; ',16),(68,'Какие из представленных ниже запросов составлены корректно (таблица users состоит ровно из 4-х колонок: id , name , surname , occupation )?',17),(69,'Дана таблица, созданная с помощью SQL-выражения:\r\n\r\nCREATE TABLE people ( \r\n  id INT PRIMARY KEY, \r\n  name VARCHAR(45) \r\n) \r\n\r\nМожно ли гарантированно удалить все записи из этой таблицы, выполнив следующий запрос:\r\n\r\nDELETE FROM people WHERE id&gt;=0',13),(70,'Чему эквивалентен следующий запрос:\r\n\r\nSELECT * FROM product WHERE price BETWEEN 100 AND 200;',17),(71,'Какая разница между decimal и numeric ?',13),(72,'Предположим, что создана таблица persons с колонками id, name, age. Какой запрос найдет средний возраст всех людей с возрастом не менее 18-ти лет?',15),(73,'В базе данных имеется таблица Employees, содержащая столбец AutoNum (строковый тип данных - гос.номер автомобиля сотрудника). В столбце AutoNum содержатся цифробуквенные значения, например ''A338МВ38''. \r\nВы хотите найти сотрудника, у которого две первые цифры номера (т.е 2-й и 3-й символы) равны ''74''. Какое условие в запросе SELECT вы используете?',17),(74,'ыва',16);
GO
SET IDENTITY_INSERT [question] off
GO

UPDATE [answer] SET [a_description] = REPLACE([a_description],'\r\n','
');


DECLARE @t1 table (q int, a int, c bit)
INSERT INTO @t1 VALUES (1,1,0),(1,2,1),(1,3,1),(1,4,0),(1,5,0),(1,6,0),(1,7,0),(1,8,0),(1,9,1),(2,10,0),(2,11,1),(2,12,0),(2,13,0),(3,10,0),(3,14,0),(3,15,1),(3,16,0),(4,17,0),(4,18,0),(4,19,1),(4,20,1),(4,21,0),(4,22,0),(4,23,0),(5,24,0),(5,25,0),(5,26,1),(5,27,0),(5,28,0),(6,10,0),(6,29,0),(6,30,0),(6,31,1),(7,10,0),(7,32,0),(7,33,0),(7,34,0),(7,35,0),(7,36,1),(7,37,0),(8,26,0),(8,27,1),(8,28,0),(8,38,0),(9,26,0),(9,27,0),(9,39,0),(9,40,1),(9,41,0),(9,42,0),(10,43,0),(10,44,1),(10,45,1),(10,46,1),(11,47,0),(11,48,0),(11,49,1),(11,50,1),(11,51,1),(12,26,0),(12,27,0),(12,52,1),(13,10,0),(13,37,0),(13,53,0),(13,54,0),(13,55,1),(14,56,1),(14,57,0),(14,58,0),(14,59,0),(14,60,1),(15,61,1),(15,62,0),(15,63,0),(15,64,0),(15,65,0),(16,26,0),(16,27,0),(16,66,0),(16,67,1),(17,10,0),(17,37,1),(17,68,0),(17,69,0),(18,10,0),(18,70,0),(18,71,0),(18,72,0),(18,73,1),(19,74,1),(19,75,0),(19,76,1),(19,77,1),(19,78,0),(20,10,0),(20,79,0),(20,80,0),(20,81,0),(20,82,0),(20,83,0),(20,84,1),(21,85,0),(21,86,1),(21,87,0),(21,88,1),(21,89,1),(21,90,1),(22,91,0),(22,92,0),(22,93,0),(22,94,0),(22,95,1),(23,91,0),(23,92,1),(23,96,0),(23,97,0),(24,98,0),(24,99,1),(24,100,0),(24,101,0),(24,102,0),(24,103,0),(24,104,0),(25,26,0),(25,27,0),(25,105,0),(25,106,0),(25,107,1),(25,108,0),(26,109,1),(26,110,0),(26,111,0),(26,112,0),(26,113,0),(27,10,0),(27,37,0),(27,114,0),(27,115,1),(27,116,0),(28,117,0),(28,118,1),(28,119,0),(28,120,0),(28,121,0),(29,122,0),(29,123,1),(29,124,0),(29,125,0),(29,126,0),(30,127,0),(30,128,0),(30,129,0),(30,130,1),(30,131,0),(31,132,0),(31,133,0),(31,134,0),(31,135,1),(31,136,0),(32,137,0),(32,138,0),(32,139,1),(32,140,0),(32,141,0),(33,142,0),(33,143,0),(33,144,0),(33,145,0),(33,146,1),(34,147,0),(34,148,0),(34,149,0),(34,150,1),(34,151,0),(35,136,0),(35,152,0),(35,153,0),(35,154,1),(35,155,0),(36,136,0),(36,156,0),(36,157,0),(36,158,1),(36,159,0),(37,160,1),(37,161,0),(37,162,0),(37,163,0),(37,164,0),(38,165,0),(38,166,0),(38,167,0),(38,168,1),(38,169,0),(39,170,1),(39,171,0),(39,172,0),(39,173,0),(40,174,0),(40,175,0),(40,176,0),(40,177,1),(40,178,0),(41,179,0),(41,180,0),(41,181,1),(41,182,1),(41,183,0),(42,184,0),(42,185,0),(42,186,1),(42,187,0),(42,188,0),(43,189,1),(43,190,0),(43,191,0),(43,192,1),(43,193,0),(44,194,1),(44,195,0),(44,196,0),(44,197,0),(45,198,0),(45,199,0),(45,200,0),(45,201,0),(45,202,0),(45,203,1),(46,204,0),(46,205,0),(46,206,1),(46,207,0),(47,208,0),(47,209,1),(47,210,0),(47,211,0),(47,212,0),(47,213,0),(48,214,0),(48,215,1),(48,216,0),(48,217,0),(48,218,0),(49,219,1),(49,220,0),(49,221,0),(49,222,0),(49,223,0),(50,224,0),(50,225,1),(50,226,0),(50,227,0),(51,228,1),(51,229,0),(51,230,0),(51,231,1),(52,232,0),(52,233,0),(52,234,1),(53,235,0),(53,236,0),(53,237,1),(53,238,0),(53,239,0),(54,240,1),(54,241,0),(54,242,0),(54,243,0),(54,244,0),(55,245,0),(55,246,1),(56,247,1),(56,248,0),(57,249,1),(57,250,0),(57,251,1),(57,252,0),(57,253,1),(57,254,0),(58,91,0),(58,92,0),(58,93,0),(58,94,0),(58,95,0),(58,96,1),(58,255,0),(59,256,0),(59,257,0),(59,258,1),(59,259,0),(59,260,0),(60,261,1),(60,262,0),(60,263,0),(60,264,0),(61,91,0),(61,92,0),(61,93,0),(61,94,1),(61,96,0),(61,255,0),(61,265,0),(62,266,0),(62,267,0),(62,268,1),(62,269,0),(62,270,0),(63,271,0),(63,272,0),(63,273,1),(63,274,0),(63,275,0),(63,276,0),(64,277,0),(64,278,1),(64,279,0),(64,280,1),(64,281,1),(65,282,1),(65,283,0),(65,284,1),(65,285,0),(65,286,0),(66,287,0),(66,288,1),(66,289,0),(66,290,0),(66,291,0),(66,292,0),(66,293,0),(67,92,0),(67,94,0),(67,96,1),(67,255,0),(68,294,0),(68,295,0),(68,296,1),(68,297,1),(69,247,1),(69,248,0),(70,298,0),(70,299,0),(70,300,0),(70,301,0),(70,302,1),(70,303,0),(71,304,0),(71,305,0),(71,306,0),(71,307,0),(71,308,1),(72,309,0),(72,310,1),(72,311,0),(72,312,0),(72,313,0),(72,314,0),(73,315,1),(73,316,0),(73,317,0),(73,318,0),(73,319,0),(74,91,0),(74,92,1),(74,93,1),(74,94,0),(74,95,1),(74,265,1),(74,320,0),(74,321,0),(74,322,0),(74,323,0)
DECLARE @t2 table (a int, d nvarchar(max))
INSERT INTO @t2 VALUES
(1,'int var1 = 356f'),
(2,'double var2 = 356f'),
(3,'float var3 = 356f'),
(4,'char var4 = 356f'),
(5,'long var5 = 356f'),
(6,'byte var6 = 356f'),
(7,'Integer var7 = 356f'),
(8,'Character var8 = 356f'),
(9,'Object var9 = 356f'),
(10,'Ошибка компиляции'),
(11,'z=Infinity'),
(12,'z=NaN'),
(13,'Ошибка времени выполнения java.lang.ArithmeticException'),
(14,'Nurse'),
(15,'Doctor'),
(16,'HeadDoctor'),
(17,'int[] mas1 = new int[24];'),
(18,'Integer mas2[] = new Integer[24];'),
(19,'char[] mas3 = new Character[]{''a'', ''b'', ''c''};'),
(20,'Item [] mas4 = new Item {new Item (), new Item ()};'),
(21,'double [] mas5 = {5, 10, 15, 20};'),(22,'int [] mas6 [] = new int [4] [5];'),
(23,'int mas7 [] [] = new int [4] [];'),(24,'на консоль выведется число 4'),
(25,'на консоль выведется число 0'),(26,'ошибка компиляции в строке 1'),
(27,'ошибка компиляции в строке 2'),(28,'ошибка компиляции в строке 3'),
(29,'один'),
(30,'два'),
(31,'три'),
(32,'14'),
(33,'11'),
(34,'33'),
(35,'44'),
(36,'13'),
(37,'ошибка выполнения'),
(38,'компиляция и запуск пройдут без ошибок'),
(39,'false4'),
(40,'true4'),
(41,'false5'),
(42,'true5'),
(43,'перечисление является классом'),
(44,'при объявлении перечисления его необходимо явно наследовать от класса java.lang.Enum'),
(45,'в теле перечисления можно объявлять только методы'),
(46,'конструктор перечисления может быть объявлен со спецификатором public'),
(47,'Класс может быть использован в качестве суперкласса для себя самого.'),
(48,'В конструкторе класса можно совместно использовать вызовы this и super.'),
(49,'Статические методы можно определять в подклассах с той же сигнатурой, что и в базовом классе.'),
(50,'Статические методы можно перегружать в подклассах.'),
(51,'Динамическое связывание определяет версию вызываемого метода на этапе выполнения.'),
(52,'компиляция без ошибок'),
(53,'1 2 3'),
(54,'1 4 3'),
(55,'4 2 3'),
(56,'package ch04.q01; class Quest4 extends Quest41 {}'),
(57,'package ch04.q01._2; public class Quest42 extends Quest41 {}'),
(58,'package ch04.q01; public class Quest43 implements Quest41 {}'),
(59,'package ch04.q01._2; import ch04.q01.Quest41; public class Quest44 extends Quest41 {}'),
(60,'package ch04.q01; public class Quest45 extends Quest41 {}'),
(61,'truefalse'),
(62,'falsetrue'),
(63,'truetrue'),
(64,'falsefalse'),
(65,'ошибка компиляции: заданы некорректные параметры для метода equals()'),
(66,'true'),
(67,'false'),
(68,'вывод на консоль строки «111110»'),
(69,'вывод на консоль строки «11111»'),
(70,'United States'),
(71,'Соединенные Штаты'),
(72,'Россия'),
(73,'Russia'),
(74,'Проверяемые (checked) исключения являются наследниками класса java.lang.Exception'),
(75,'Непроверяемые (unchecked) исключения являются наследниками класса java.lang.Error'),
(76,'Непроверяемые (unchecked) исключения являются наследниками класса java.lang.RuntimeException'),
(77,'Проверяемые (checked) исключения обязательно обрабатываются'),
(78,'Непроверяемые (unchecked) исключения невозможно обработать'),
(79,'test1'),
(80,'test1+'),(81,'test1++'),(82,'test2'),(83,'test2+'),(84,'test2++'),(85,'public void f() throws Exception {}'),(86,'public void f() throws IOException {}'),(87,'public void f() throws InterruptedException, IOException {}'),(88,'public void f() throws IOException, FileNotFoundException {}'),(89,'public void f() throws FileNotFoundException {}'),(90,'public void f() throws FileNotFoundException, InternalError {}'),(91,'1'),(92,'2'),(93,'3'),(94,'4'),(95,'5'),(96,'0'),(97,'при выполнении данного кода возникнет исключительная ситуация'),(98,'при выполнении первого фрагмента на консоль выведется строка «Two», а при выполнении второго произойдет исключительная ситуация'),(99,'при выполнении второго фрагмента на консоль выведется строка «Two», а при выполнении первого произойдет исключительная ситуация'),(100,'выполнение двух фрагментов кода приведет к исключительной ситуации'),(101,'при выполнении двух фрагментов кода на консоль выведется строка «Two»'),(102,'при компиляции первого фрагмента приведет к ошибке'),(103,'компиляция второго фрагмента кода приведет к ошибке'),(104,'компиляция двух фрагментов кода приведет к ошибке'),(105,'[UNO, DOS, TRES, CINCO, SEIS, SIETE]'),(106,'[DOS, TRES, CUATRO, CINCO, SEIS]'),(107,'[UNO, DOS, SEIS, SIETE]'),(108,'ничего из перечисленного'),(109,'{four=4, one=1}'),(110,'{one=2, two=2}'),(111,'{three=3, four=4}'),(112,'{four=4, one=1, three=3}'),(113,'{one=2, two=2, three=3}'),(114,'Object'),(115,'FileNotFoundException'),(116,'IOException'),(117,'false false false'),(118,'false true false'),(119,'true true false'),(120,'false true true'),(121,'true true true'),(122,'Будет выведено «Himalaya» но НЕ будет выведено «Getting Name»'),(123,'Будет выведено «Getting Name» и «Himalaya»'),(124,'Ничего не будет выведено'),(125,'Будет выброшен NullPointerException'),(126,'Будет выведено «Getting Name», а потом выброшено NullPointerException'),(127,'true true'),(128,'false false'),(129,'false true'),(130,'true false'),(131,'произойдет ошибка времени выполнения'),(132,'false true true false true'),(133,'false false true false true'),(134,'true true true true true'),(135,'true true true false true'),(136,'Все ответы неверны'),(137,'ArrayList&lt;String&gt; in; List&lt;CharSequence&gt; result;'),(138,'List&lt;String&gt; in; List&lt;Object&gt; result;'),(139,'ArrayList&lt;String&gt; in; List result;'),(140,'List&lt;CharSequence&gt; in; List&lt;CharSequence&gt; result;'),(141,'ArrayList&lt;Object&gt; in; List&lt;CharSequence&gt; result;'),(142,'Не скомпилируется из-за строки 1'),(143,'Не скомпилируется из-за строки 2'),(144,'Не скомпилируется из-за строки 3'),(145,'Не скомпилируется из-за строки 4'),(146,'Скомпилируется и запустится без проблем'),(147,'Ошибку компиляции'),(148,'Ошибку времени выполнения'),(149,'inside int...'),(150,'inside long'),(151,'inside INTEGER'),(152,'Он даже не скомпилируется'),(153,'Результат зависит от реализации JVM'),(154,'Будет выведено «QBANK»'),(155,'Будет выведено «In Sub» и «QBANK»'),(156,'Будет выведено «20»'),(157,'Будет выведено «10»'),(158,'Код не скомпилирутся'),(159,'Возникнет ошибка времени выполнения'),(160,'&lt;th&gt;'),(161,'&lt;td&gt;'),(162,'&lt;tr&gt;'),(163,'&lt;tz&gt;'),(164,'&lt;tt&gt;'),(165,'&lt;text&gt;'),(166,'&lt;textfield&gt;'),(167,'&lt;select&gt;'),(168,'&lt;input&gt;'),(169,'&lt;textbox&gt;'),(170,'fieldset'),(171,'fieldjoin'),(172,'fieldform'),(173,'fielcons'),(174,'Для облегчения поиска по странице для браузера.'),(175,'Для индексации слов и предложений текущего документа.'),(176,'Для хранения в закладках браузера, чтобы быстрее находить нужный документ.'),(177,'Для подсказок поисковым системам.'),(178,'Для ускорения загрузки HTML-файла.'),(179,'&lt;option selected=\"select\"&gt;'),(180,'&lt;option selected=\"chosen\"&gt;'),(181,'&lt;option selected=\"selected\"&gt;'),(182,'&lt;option selected&gt;'),(183,'&lt;option selected=\"true\"&gt;'),(184,'&lt;image&gt;image.gif&lt;/image&gt;'),(185,'&lt;picture&gt;picture.gif&lt;/picture&gt;'),(186,'&lt;img src=\"img.gif\"/&gt;'),(187,'&lt;pic src=\"pic.gif/&gt;'),(188,'&lt;image url=\"image.gif/&gt;'),(189,'&lt;INPUT VALUE=\"$999\" DISABLED&gt;'),(190,'&lt;INPUT VALUE=\"$999\" CHECKED&gt;'),(191,'&lt;INPUT VALUE=\"$999\" MAXLENGTH=0&gt;'),(192,'&lt;INPUT VALUE=\"$999\" READONLY&gt;'),(193,'&lt;INPUT VALUE=\"$999\" SIZE=0&gt;'),(194,'GET'),(195,'POST'),(196,'Атрибут method является обязательным и не имеет значения по умолчанию'),(197,'Значение по умолчанию зависит от браузера, поэтому следует всегда указывать его явно'),(198,'&lt;label id=\"preface\"&gt;Предисловие&lt;/label&gt;'),(199,'&lt;h2 id=\"#preface\"&gt;Предисловие&lt;/h2&gt;'),(200,'&lt;h2 id=\"preface\"&gt;Предисловие&lt;/h2&gt;'),(201,'&lt;h2 href=\"preface\"&gt;Предисловие&lt;/preface&gt;'),(202,'&lt;a name=\"preface\"&gt;Предисловие&lt;/a&gt;'),(203,'&lt;a href=\"#preface\"&gt;Предисловие&lt;/a&gt;'),(204,'Изображение отображается минимальном размере'),(205,'Изображение не отображается'),(206,'Изображение отображается в исходном размере'),(207,'Изображение отображается в два раза меньшем размере'),(208,'&lt;list type=\"ordered\"&gt;'),(209,'&lt;ol&gt;'),(210,'&lt;list type=\"number\"&gt;'),(211,'&lt;ul&gt;'),(212,'&lt;list&gt;'),(213,'&lt;li&gt;'),(214,'Поле ввода со значением \"********\"'),(215,'Ничего отображаться не будет'),(216,'Поле ввода с текстом \"Hello World\"'),(217,'Текст \"Hello World\"'),(218,'Пустое поле ввода'),(219,'&lt;a href=\"http://www.quizful.net\"&gt;quizful&lt;/a&gt;'),(220,'&lt;a url=\"http://www.quizful.net\"&gt;quizful&lt;/a&gt;'),(221,'&lt;a link=\"http://www.quizful.net\"&gt;quizful&lt;/a&gt;'),(222,'&lt;a target=\"http://www.quizful.net\"&gt;quizful&lt;/a&gt;'),(223,'&lt;a&gt;http://www.quizful.net&lt;/a&gt;'),(224,'С помощью атрибута ROWSPAN'),(225,'С помощью атрибута COLSPAN'),(226,'С помощью атрибута CELLSPACING'),(227,'С помощью атрибута HALIGN'),(228,'Текст внутри этого тега отображается курсивом'),(229,'Текст внутри тега будет отображаться шрифтом с жирным начертанием'),(230,'Тег применяется для указания адреса документа, чтобы web-server быстрее находил запрашиваемый документ'),(231,'Тег применяется для хранения информации об авторе'),(232,'изображение, расположенное в каталоге \"images\", дочернем по отношению к текущему.'),(233,'изображение, расположенное в каталоге \"images\", родительском по отношению к текущему.'),(234,'изображение, расположенное в каталоге \"images\", который расположен в родительском по отношению к текущему каталогу.'),(235,'&lt;h1&gt;'),(236,'&lt;h5&gt;'),(237,'&lt;h6&gt;'),(238,'&lt;h7&gt;'),(239,'&lt;hmin&gt;'),(240,'&lt;hr/&gt;'),(241,'&lt;line/&gt;'),(242,'&lt;hl/&gt;'),(243,'&lt;separator/&gt;'),(244,'&lt;br/&gt;'),(245,'Корректен'),(246,'Некорректен'),(247,'Нет'),(248,'Да'),(249,'FROM'),(250,'USING'),(251,'SELECT'),(252,'ON'),(253,'JOIN'),(254,'WHERE'),(255,'Запрос содержит ошибку и не выполнится'),(256,'WHERE last_name = ''SM'''),(257,'WHERE last_name EQUATES TO ''SM'''),(258,'WHERE last_name LIKE ''SM%'''),(259,'WHERE last_name IS ''SM*'''),(260,'WHERE last_name[1 TO 2] = ''SM'''),(261,'Запись'),(262,'Поле'),(263,'Внешний ключ'),(264,'Первичный ключ'),(265,'7'),(266,'Запрос удалит из таблиц RATE все записи у которых поле id_del=0'),(267,'Запрос не выполнится'),(268,'Запрос выполнится, но не удалит ни одной записи'),(269,'Запрос удалит из таблиц RATE все записи'),(270,'Запрос удалит из таблиц RATE все записи у которых поле id_del=1'),(271,'2000'),(272,'2200'),(273,'2700'),(274,'3000'),(275,'Запрос завершится ошибкой из-за присутствия NULL'),(276,'UNKNOWN'),(277,'INSERT INTO ANIMALS (Age, Name) SELECT Age, Name FROM CATS;'),(278,'INSERT INTO ANIMALS (Age, Name) VALUES(''Pam'', 1);'),(279,'INSERT INTO ANIMALS SELECT * FROM CATS;'),(280,'INSERT INTO ANIMALS VALUES SELECT Name, Age FROM DOGS;'),(281,'INSERT INTO ANIMALS (11, ''Kay'');'),(282,'невозможно предсказать, если не указан в запросе;'),(283,'указывается после ключевого слова SORTED BY;'),(284,'может быть возрастающим или убывающим для каждого поля;'),(285,'может быть указан только для полей, включенных в список результатов запроса.'),(286,'принимается убывающим по-умолчанию;'),(287,'T-SQL'),(288,'ACID'),(289,'ICANN'),(290,'INT'),(291,'DCIM'),(292,'GUID'),(293,'GRID'),(294,'INSERT INTO users VALUES (id ''0'', name ''jack'', surname ''newton'', occupation ''businessman'');'),(295,'INSERT INTO users VALUES (id = ''0'', name = ''jack'', surname = ''newton'', occupation = ''businessman'');'),(296,'INSERT INTO users VALUES (''0'', ''jack'', ''newton'', ''businessman'');'),(297,'INSERT INTO users (id, name, surname, occupation) VALUES (''0'', ''jack'', ''newton'', ''businessman'');'),(298,'SELECT * FROM product WHERE price &lt; 100 OR price &gt; 200;'),(299,'SELECT * FROM product WHERE price &gt; 100 AND price &lt; 200;'),(300,'SELECT * FROM product WHERE price &gt;= 100 OR price &lt;= 200;'),(301,'SELECT * FROM product WHERE price &gt; 100 OR price &lt; 200;'),(302,'SELECT * FROM product WHERE price &gt;= 100 AND price &lt;= 200;'),(303,'SELECT * FROM product WHERE price &lt;= 100 OR price &gt;= 200;'),(304,'numeric - тип числовых данных с фиксированными точностью и масштабом. decimal - тип числовых данных без фиксированной точности и масштаба'),(305,'decimal - тип числовых данных с фиксированными точностью и масштабом numeric - тип числовых данных без фиксированной точности и масштаба'),(306,'decimal - тип числовых данных с фиксированными точностью и масштабом numeric - тип точных числовых данных, использующий целые значения'),(307,'numeric - тип числовых данных с фиксированными точностью и масштабом decimal - тип точных числовых данных, использующий целые значения'),(308,'Никакой разницы'),(309,'Это может быть сделано только с использованием подзапросов'),(310,'select avg(age) from persons where age &gt;= 18'),(311,'select avg(age) from persons having avg(age) &gt;= 18'),(312,'select avg(age) from persons where age &gt;= 18 group by name'),(313,'select avg(age) from persons having age &gt;= 18 group by name'),(314,'select avg(age) from persons having age &gt;= 18'),(315,'WHERE AutoNum LIKE ‘_74%’'),(316,'WHERE AutoNum [2,2] = ‘74’'),(317,'WHERE AutoNum LIKE ‘%74%’'),(318,'WHERE LEFT (AutoNum, 2,2) = ‘74’'),(319,'WHERE AutoNum LIKE ‘_74’'),(320,'6'),(321,'8'),(322,'9'),
(323,'10')
;
WITH t AS (
	SELECT [@t1].[q] as 'a_question_id', [@t2].[d] as 'a_description', [@t1].[c] as 'a_correct' FROM @t1 JOIN @t2 ON [@t1].a= [@t2].a
)
INSERT INTO [answer] ([a_question_id], [a_description], [a_correct]) SELECT * FROM t;

INSERT INTO [role] VALUES
(N'USER'),
(N'ADMIN')

INSERT INTO [test]([t_id], [t_name], [t_description]) VALUES (1,'Основы Java','Тест на знание типов данных и операторов'),(2,'Классы и объекты Java','Проверяет понимание классов и объектов'),(3,'ООП Java','Наследование и полиморфизм'),(4,'Строки Java',''),(5,'Исключения Java','На знание исключений и ошибок'),(6,'Коллекции Java',''),(7,'Java Evil Edition','Решение большинства задач практически не требует знания API, достаточно логики и фундаментальных основ Java.'),(8,'HTML формы','тест по HTML формам'),(9,'HTML списки','Тест по HTML спискам'),(10,'Базовые понятия HTML','Тест по базовым понятиям HTML.'),(11,'Таблицы HTML','Тест по таблицам и табличной вёрстке HTML'),(12,'Теги HTML','Тест по основным тегам HTML'),(13,'HTML','Большой тест на знание HTML'),(14,'ООП Java',''),(15,'I love Java','Интересный тест по Java'),(16,'SQL основы','проверяет уровень знаний структурного языка запросов и некоторых базовых понятий реляционных баз данных.'),(17,'Встроенные функции SQL',''),(18,'Основные понятия SQL','Проверяет наличие понимания основных понятий в SQL'),(19,'I love SQL','SQL the best of the best'),(20,'Test 1','');

INSERT INTO [test_question]([tq_test_id], [tq_question_id]) VALUES (1,1),(1,2),(1,3),(1,4),(2,5),(14,5),(15,5),(2,6),(14,6),(15,6),(2,7),(14,7),(15,7),(2,8),(14,8),(15,8),(2,9),(14,9),(15,9),(2,10),(14,10),(15,10),(3,11),(14,11),(15,11),(3,12),(14,12),(15,12),(3,13),(14,13),(15,13),(3,14),(14,14),(15,14),(4,15),(15,15),(4,16),(4,17),(4,18),(5,19),(5,20),(15,20),(5,21),(5,22),(15,22),(6,23),(6,24),(6,25),(6,26),(7,27),(14,27),(7,28),(14,28),(15,28),(7,29),(14,29),(15,29),(7,30),(14,30),(15,30),(7,31),(14,31),(15,31),(7,32),(14,32),(15,32),(7,33),(7,34),(14,34),(7,35),(14,35),(7,36),(14,36),(11,37),(13,37),(8,38),(13,38),(10,39),(13,39),(12,40),(13,40),(9,41),(13,41),(12,42),(13,42),(8,43),(13,43),(20,43),(8,44),(13,44),(12,45),(13,45),(10,46),(13,46),(9,47),(13,47),(8,48),(13,48),(20,48),(12,49),(13,49),(11,50),(13,50),(12,51),(13,51),(12,52),(13,52),(12,53),(13,53),(12,54),(13,54),(16,55),(16,56),(19,56),(16,57),(16,58),(19,58),(16,59),(16,60),(18,60),(16,61),(19,61),(16,62),(19,62),(16,63),(17,63),(19,63),(16,64),(19,64),(16,65),(16,66),(18,66),(16,67),(19,67),(16,68),(16,69),(18,69),(19,69),(16,70),(19,70),(16,71),(18,71),(16,72),(17,72),(16,73),(19,73);


SELECT [t].[t_id], [t_name],
            [t_description], [t_count_question], [s_name],
            /*(SELECT */STUFF((SELECT ', ' +  CONCAT(ut_mark , N'%') 
			FROM [user_test]  WHERE [ut_test_id]=[t].[t_id] AND ut_user_id=4 FOR XML PATH('')) ,1,2,'')/* FROM user_test*/
            /*WHERE [ut_test_id]=[t].[t_id] AND ut_user_id=3)*/ [stat] FROM [test] t
            LEFT JOIN [test_question] ON [t_id]=[tq_test_id]
            LEFT JOIN [question] ON [tq_question_id]=[q_id]
           LEFT JOIN [subject] ON [s_id]=[t_subject_id] 
		   WHERE s_name = 'HTML'
		   GROUP BY [t_id], [t_name], [t_description],[t_count_question], [s_name]

UPDATE [test] SET [t_subject_id] = (SELECT TOP 1 [tp_subject_id] FROM [topic] 
					WHERE [tp_id] = ( SELECT TOP 1 [q_topic_id] FROM [question] WHERE [q_id] = 
								(SELECT TOP 1 [tq_question_id] FROM [test_question] WHERE [tq_test_id] = [t_id])));

SELECT * FROM user_data;